origem,destino
20,23
10,29
44,28
23,15
29,38
39,14
31,11
19,23
29,36
38,23
48,44
2,20
27,44
8,41
12,44
1,53
47,51
4,32
15,42
32,2
42,49
15,10
27,24
5,4
7,19
51,17
2,6
34,9
44,14
39,30
20,24
11,8
54,55
7,4
41,24
32,6
3,20
30,23
10,6
24,19
15,33
46,8
20,11
30,24
22,36
1,12
35,47
53,26
7,15
44,10
13,14
27,1
37,41
30,30
2,19
24,5
4,22
54,56
57,35
38,14
27,4
20,44
46,4
45,33
44,19
53,4
4,15
37,14
44,2
49,29
6,16
36,9
37,34
3,24
14,20
58,59
18,2
57,31
24,2
48,5
10,31
26,45
37,26
22,17
35,38
15,7
28,2
48,16
5,25
35,43
60,59
40,2
27,2
46,35
13,22
9,2
16,13
39,47
31,45
17,3
51,47
38,5
7,13
6,39
36,31
49,19
34,15
43,3
46,48
22,41
53,43
27,43
24,48
5,43
42,40
51,49
38,57
5,21
21,51
62,59
15,61
41,45
6,32
15,35
35,4
9,14
2,40
30,53
23,26
40,21
31,6
63,59
34,51
23,3
10,43
18,3
17,6
1,9
27,18
36,25
18,41
1,7
34,1
13,32
3,11
40,45
16,15
20,38
42,43
3,28
14,46
57,38
20,7
32,29
24,33
9,5
33,12
24,4
21,19
12,18
4,10
17,25
37,49
15,39
36,42
34,5
29,27
27,23
48,51
40,46
36,23
57,18
41,9
11,6
50,14
11,43
34,14
30,6
51,15
27,11
40,26
44,12
4,38
27,17
64,66
49,26
39,36
67,68
32,21
5,49
46,6
4,28
17,39
14,25
30,46
10,41
37,48
20,21
30,10
34,33
45,39
36,47
44,5
17,47
29,23
39,35
9,3
14,24
18,32
24,14
16,21
40,3
15,30
2,41
51,33
15,32
14,31
34,29
22,27
1,44
3,50
26,35
51,46
50,13
11,30
27,40
43,8
34,2
24,1
69,59
23,18
38,12
51,40
14,38
38,6
45,47
31,3
40,9
21,25
3,13
7,45
9,12
46,49
16,14
16,28
8,3
9,37
17,48
44,37
23,21
4,33
29,25
30,11
6,31
5,3
53,42
2,57
15,3
7,51
27,10
20,29
7,25
33,4
102,265
2,12
37,28
48,6
16,20
47,44
4,49
43,9
31,20
22,48
50,57
6,19
35,50
50,24
3,46
70,71
47,22
48,42
11,15
39,49
41,19
36,36
35,23
173,59
13,38
36,22
50,15
47,17
20,12
48,12
23,7
53,36
35,41
12,53
33,57
46,31
42,14
24,32
72,59
45,23
6,48
7,44
27,12
18,16
2,17
8,5
16,2
73,59
2,51
26,50
13,30
48,38
38,37
6,53
7,9
6,10
42,3
45,9
37,53
15,40
8,45
74,75
39,43
28,7
17,53
26,39
9,42
13,23
5,16
23,42
38,20
6,40
9,28
45,49
39,28
23,11
34,11
57,10
17,57
21,2
51,29
46,47
15,8
27,53
7,43
3,8
19,9
44,50
13,6
45,18
47,34
15,51
14,50
53,40
31,44
40,30
8,6
39,6
20,8
13,48
19,48
20,36
36,53
37,8
22,18
10,47
2,9
12,7
50,53
37,16
5,7
5,53
36,57
32,47
32,53
46,45
19,34
8,47
17,38
42,32
29,53
16,46
43,35
12,30
16,32
22,50
14,22
13,12
21,46
22,51
22,7
57,5
39,24
8,2
10,16
36,27
34,20
76,59
16,50
3,9
41,1
31,33
15,77
28,12
51,7
18,4
78,59
27,49
43,6
57,42
49,21
1,16
24,10
9,50
49,25
41,4
48,2
12,39
29,41
40,23
16,23
53,18
36,29
21,20
36,15
15,24
12,38
45,42
3,22
43,49
47,37
33,3
7,8
35,40
41,50
45,31
40,29
11,17
48,23
5,48
2,14
48,15
26,17
31,26
1,34
22,1
45,3
31,42
5,51
42,45
18,23
17,37
23,38
27,29
13,17
27,51
19,40
15,49
31,27
37,4
45,48
33,32
46,50
1,4
17,27
28,16
28,36
47,33
17,43
34,19
18,11
45,16
51,24
6,12
22,30
79,80
2,28
48,57
13,29
44,57
38,16
23,9
43,15
16,47
45,28
11,53
12,8
48,24
34,39
53,23
42,25
18,22
19,20
18,27
48,28
67,81
23,2
11,25
10,36
20,32
53,17
44,39
21,17
82,68
29,17
24,12
15,16
10,35
2,33
36,12
46,5
38,13
32,27
48,9
45,14
1,8
38,26
17,24
14,37
2,7
4,51
29,28
32,31
47,28
50,20
13,40
22,46
13,35
24,41
7,22
51,16
23,10
34,30
83,59
24,34
43,25
17,34
50,31
64,84
8,48
43,16
11,3
36,32
22,20
10,27
8,34
102,266
85,86
64,55
34,13
57,9
48,31
12,40
46,51
21,1
41,33
50,3
16,27
23,27
23,36
7,38
19,30
9,15
57,44
24,36
51,11
50,47
32,43
16,42
13,15
53,25
39,38
87,59
42,13
11,23
41,8
26,1
41,5
20,43
1,50
22,29
22,28
34,21
26,2
39,51
51,36
9,29
4,5
88,59
6,4
32,14
22,33
30,18
28,41
48,8
43,29
16,11
26,42
30,26
49,22
54,89
32,25
28,21
17,1
9,26
35,11
31,35
21,11
16,90
9,1
48,41
7,26
1,15
50,18
15,48
46,14
44,53
38,50
57,12
51,23
30,44
57,13
9,51
23,51
32,7
49,57
45,51
12,27
14,53
23,20
3,12
48,32
9,25
45,43
92,59
3,33
33,18
16,48
38,18
7,39
38,19
21,30
35,7
20,1
49,42
29,33
51,25
48,34
2,50
6,22
37,2
6,6
64,91
50,48
35,10
50,36
53,20
48,26
42,18
30,25
46,46
49,12
11,38
35,24
45,40
33,46
93,59
67,94
43,44
38,30
57,48
40,34
33,2
14,23
23,24
33,9
5,31
43,53
6,3
8,35
47,20
11,12
1,40
8,44
15,36
54,95
27,22
15,14
4,41
47,15
5,30
1,57
4,29
9,40
20,19
36,49
14,6
102,270
38,25
10,39
38,17
22,49
15,47
46,24
50,8
22,12
11,10
21,7
6,20
17,50
34,12
46,53
39,48
36,10
17,32
49,17
38,46
14,7
29,4
13,19
14,16
13,44
27,34
19,24
48,27
15,1
38,35
36,18
98,59
1,3
13,28
24,31
53,38
37,25
32,1
8,23
29,50
30,19
29,48
36,34
2,31
28,40
31,39
50,22
44,35
18,47
19,6
26,37
18,15
43,34
19,2
14,21
12,23
18,44
2,27
27,31
19,39
47,10
7,49
4,25
39,1
47,42
13,7
31,10
51,42
44,48
28,10
15,46
3,53
47,39
23,31
5,24
57,36
51,39
67,99
38,2
67,100
41,12
38,34
4,7
22,47
16,44
11,7
36,13
2,23
1,41
45,41
36,19
7,36
29,47
57,34
46,23
13,42
41,42
48,13
48,43
43,47
39,46
31,22
11,32
40,51
46,42
22,8
44,27
33,43
24,50
21,13
42,50
51,48
45,34
7,41
47,30
30,41
37,29
37,46
2,5
36,11
35,44
3,4
10,25
40,57
48,30
51,53
15,50
17,18
53,21
51,3
33,40
30,7
15,17
19,51
14,10
1,33
42,51
36,51
64,101
15,41
47,12
45,17
8,25
12,6
10,21
190,89
53,24
31,40
41,10
27,14
46,33
102,103
33,25
28,49
67,104
30,47
37,10
27,5
34,47
46,43
30,2
54,105
13,34
50,27
67,75
19,41
41,48
17,36
12,22
51,44
30,32
29,15
1,21
34,7
23,41
41,39
23,5
42,44
40,35
4,23
5,44
45,29
40,32
14,35
106,59
50,38
23,50
41,35
9,22
17,8
14,32
21,8
51,27
35,5
48,10
11,46
1,19
5,42
29,32
19,50
107,59
42,27
53,13
19,35
11,49
33,51
24,13
26,14
49,36
39,9
108,64
9,16
19,36
38,33
34,23
39,2
6,44
3,1
27,25
48,36
40,11
22,57
34,35
43,7
43,45
8,28
47,49
1,29
49,39
22,16
24,7
42,21
47,57
7,29
49,20
39,53
16,109
102,110
41,46
37,18
16,40
33,11
74,99
21,39
10,8
37,19
43,40
32,39
18,8
19,27
22,13
20,40
57,4
111,59
43,12
19,3
45,5
13,20
22,6
50,40
10,5
11,1
27,6
10,32
3,44
51,26
28,44
50,25
3,57
112,59
2,36
49,6
36,30
22,45
4,45
9,11
40,48
32,9
42,17
40,24
34,40
7,11
1,2
57,24
37,35
40,6
22,23
4,12
16,33
6,15
18,46
18,51
48,7
18,49
31,17
32,51
12,32
2,39
43,23
9,43
34,53
53,31
26,8
46,12
40,5
24,37
11,24
19,7
1,14
54,101
23,4
17,20
24,42
21,29
21,26
19,17
53,12
37,42
47,41
50,23
19,10
40,42
28,46
43,26
39,41
9,18
67,113
33,21
39,19
9,48
31,30
30,35
3,2
29,39
49,13
114,115
34,42
33,24
10,14
4,19
13,2
38,29
41,23
18,6
37,51
50,10
9,35
36,26
14,13
5,9
42,36
7,27
31,12
3,10
12,29
57,57
6,25
2,35
37,23
27,36
5,46
53,27
116,59
9,44
2,38
17,9
1,17
9,57
12,41
11,9
36,14
7,28
39,37
23,40
51,41
7,48
38,39
12,48
6,23
51,45
8,17
36,38
3,19
20,37
11,2
24,46
39,26
43,32
1,23
117,104
13,8
41,57
47,8
3,37
26,20
35,33
11,13
23,30
20,30
4,13
8,38
43,17
44,31
20,25
47,31
30,51
2,16
43,18
30,57
12,19
15,19
53,35
46,26
14,43
41,49
40,18
47,40
118,59
67,82
53,11
6,35
29,37
7,21
16,35
8,15
3,40
32,38
42,34
34,28
23,22
7,53
32,49
47,14
50,39
15,18
44,20
6,47
38,53
17,33
51,21
18,21
47,25
35,1
19,13
22,43
30,12
32,36
3,49
42,53
27,3
57,51
29,26
3,26
31,46
44,22
33,7
44,32
5,15
17,12
12,5
119,79
19,22
37,7
19,29
35,26
26,3
30,14
14,57
26,28
33,16
29,6
120,59
16,19
8,32
57,47
22,9
57,17
7,5
41,11
42,48
10,17
82,99
10,38
14,41
5,13
23,25
49,27
8,46
13,27
50,32
38,36
8,22
43,13
19,49
22,37
43,5
41,34
30,17
32,17
29,14
21,34
27,41
48,17
28,24
28,50
22,14
26,51
15,6
36,44
37,38
19,11
19,45
44,29
22,53
4,20
20,2
9,36
53,44
44,30
15,90
35,2
13,51
22,19
28,42
45,12
4,40
32,18
36,46
27,16
43,4
35,27
5,19
5,17
29,34
37,12
9,20
7,14
35,34
24,26
50,44
28,15
31,24
50,5
24,43
48,4
14,5
41,43
21,42
1,42
18,50
17,41
15,29
117,121
11,40
39,13
115,86
44,13
34,36
8,7
34,26
46,38
16,61
44,43
9,23
28,53
28,39
8,16
33,41
30,42
33,39
49,46
36,50
22,24
45,6
41,44
40,10
4,14
40,49
10,1
28,25
33,37
49,51
35,17
3,27
17,7
33,50
44,18
24,47
47,7
42,9
33,29
47,1
57,25
48,45
24,3
33,10
11,5
28,1
39,4
4,36
26,27
6,49
18,26
29,46
46,19
5,12
41,17
11,51
38,49
45,4
38,3
29,49
37,21
31,4
24,16
54,122
40,7
30,1
123,59
13,57
31,47
41,18
37,17
28,35
42,38
10,42
49,44
9,31
43,11
28,26
6,11
32,34
16,51
17,2
5,34
18,24
36,3
22,15
53,5
50,26
40,38
34,6
3,45
21,28
124,54
57,2
13,33
4,17
14,27
2,29
33,38
15,4
23,29
31,34
50,19
40,17
8,40
5,41
13,47
19,28
14,36
10,4
26,23
50,1
46,9
46,21
51,19
27,39
21,43
6,41
43,46
42,11
23,35
44,24
47,29
32,42
16,41
125,59
16,12
46,15
17,29
18,43
3,15
4,1
14,1
50,34
28,31
26,10
50,42
46,25
6,43
27,50
57,15
13,3
29,35
54,66
28,33
13,43
12,25
14,3
26,41
33,28
49,18
13,49
33,5
20,57
49,7
11,37
1,11
30,4
126,59
49,10
31,43
9,21
1,39
26,32
33,53
9,38
14,51
3,25
49,14
36,41
14,47
29,7
41,26
37,32
6,9
57,7
36,1
19,33
85,80
42,28
39,12
40,14
21,10
12,31
51,35
37,20
51,4
11,19
127,59
33,45
27,48
67,121
8,21
45,27
42,26
23,43
23,6
43,48
24,15
48,20
45,13
33,26
49,8
20,50
1,26
10,44
42,6
54,91
44,51
21,31
31,32
18,57
37,22
39,17
26,21
23,37
26,9
64,122
10,12
10,53
31,48
53,34
4,4
45,35
5,47
51,31
30,8
8,51
39,33
8,4
13,25
3,29
5,40
12,4
10,33
24,53
42,57
38,7
14,44
1,25
37,27
29,22
39,8
47,18
5,45
16,45
64,95
39,29
46,32
45,24
1,46
20,5
67,102
15,109
41,7
36,8
13,18
129,102
4,21
2,44
38,10
47,6
42,2
30,36
3,17
30,33
17,11
30,43
35,48
39,15
12,21
39,16
17,13
32,26
74,68
18,34
29,21
33,6
46,7
28,22
43,21
42,16
40,25
20,9
6,45
14,29
130,59
49,40
44,17
8,53
48,1
17,22
57,11
1,27
22,2
8,49
41,22
5,11
24,40
16,5
24,17
12,49
9,8
131,59
34,3
26,22
32,33
20,39
24,9
48,39
132,59
34,44
49,38
29,57
133,134
9,46
12,24
30,29
3,38
37,43
51,1
30,20
28,37
1,18
35,12
64,56
14,26
70,115
51,2
42,8
33,23
34,38
27,32
2,53
44,8
20,10
28,14
14,15
8,20
23,49
53,33
34,46
36,17
54,136
137,59
51,9
37,6
3,42
5,8
19,53
29,30
138,59
34,48
43,27
53,57
48,53
20,22
5,22
124,103
22,44
10,13
53,10
32,11
12,9
22,5
32,10
7,20
39,45
29,11
7,16
27,42
36,16
53,19
51,32
33,35
17,15
115,80
41,47
27,38
51,10
45,36
41,53
28,57
39,11
139,59
47,50
1,48
133,89
20,4
20,49
18,9
9,19
2,25
49,28
43,36
50,11
2,48
12,51
31,21
17,17
5,50
18,28
41,40
42,12
20,53
4,47
16,43
54,140
22,11
46,44
48,21
37,45
64,141
15,26
22,34
14,2
31,16
9,32
36,40
51,38
23,33
41,21
24,49
64,89
32,8
9,33
102,54
28,5
42,7
50,33
1,38
30,13
39,10
12,57
29,5
1,10
51,37
34,57
50,35
50,2
1,22
15,11
41,2
142,59
37,9
23,32
14,12
26,24
14,42
36,35
37,47
14,39
4,31
5,1
29,10
29,18
1,47
38,44
37,57
35,42
51,20
37,11
44,46
44,38
34,32
2,8
43,19
18,1
31,41
3,36
39,5
36,33
7,3
16,9
50,37
35,16
31,29
48,47
30,15
33,1
18,19
36,4
8,31
15,22
7,33
49,2
49,24
44,21
7,50
85,143
46,11
19,12
47,36
48,18
34,45
9,30
48,25
19,16
26,4
19,47
108,54
28,34
38,22
40,53
12,3
9,10
22,10
49,50
21,27
10,57
7,47
8,37
7,46
4,39
46,37
48,22
144,59
20,26
35,49
31,13
64,145
44,47
10,7
146,59
50,7
29,8
35,22
147,59
36,28
10,22
148,59
29,13
41,14
53,48
6,13
15,44
47,4
44,33
35,25
28,9
7,6
31,19
186,89
6,33
8,36
17,26
38,42
15,57
31,9
7,31
149,59
4,24
9,17
20,46
4,6
30,40
33,36
21,6
4,27
6,27
5,36
44,40
53,49
19,57
18,37
1,28
57,32
22,31
15,37
32,48
21,4
12,43
47,16
45,50
21,48
20,15
7,34
40,47
29,44
13,41
46,10
2,32
32,23
11,4
36,21
42,41
46,27
10,9
8,57
14,19
21,57
11,20
46,29
42,33
23,19
32,35
31,57
35,37
12,11
26,36
11,29
35,15
10,40
49,48
11,27
49,37
27,9
23,16
10,26
4,48
45,32
37,40
9,27
16,49
40,33
15,2
14,17
11,48
38,8
45,25
53,45
26,6
53,37
32,19
35,28
13,5
4,50
11,16
9,47
28,13
45,1
23,53
40,36
44,42
32,3
41,28
1,5
40,20
15,12
13,45
37,13
35,9
39,22
5,23
46,17
57,22
18,35
36,45
57,45
21,49
51,28
16,30
42,20
28,43
26,25
150,59
16,10
21,50
31,15
151,59
10,45
11,39
47,13
10,18
33,20
51,18
40,19
9,49
31,18
37,39
11,31
24,30
36,2
16,57
16,8
19,5
14,11
1,37
12,46
31,14
53,50
152,59
11,50
4,44
5,29
45,57
17,16
17,51
53,15
10,2
26,46
15,5
5,57
10,48
16,1
33,48
54,141
43,10
7,17
45,15
46,22
51,8
40,16
43,33
13,36
14,48
19,26
24,44
32,4
32,15
49,34
3,5
28,6
9,39
8,24
28,23
16,37
6,51
153,59
50,6
57,28
22,39
13,37
24,25
154,59
39,20
30,45
8,10
28,19
71,80
11,26
143,49
20,34
1,6
17,14
17,5
33,8
14,49
38,27
20,31
47,23
38,48
15,53
32,41
32,5
2,24
18,25
57,8
5,6
102,267
40,15
49,15
33,14
40,13
3,30
35,36
44,9
21,45
18,31
18,5
42,30
33,30
41,36
5,20
5,18
82,75
41,31
19,42
57,39
3,7
34,18
39,57
20,17
16,31
45,38
38,32
10,50
21,23
23,12
24,21
39,42
2,10
36,43
8,9
46,40
27,15
67,155
41,16
38,21
43,41
21,22
13,1
11,36
51,57
46,2
40,39
24,28
21,41
26,33
21,53
1,35
22,25
32,28
36,39
110,102
11,22
32,40
40,44
119,85
22,21
49,16
28,30
33,27
156,59
42,19
35,46
26,16
40,43
31,2
5,39
45,7
26,44
35,20
10,3
37,30
30,16
1,20
102,175
16,29
31,5
157,59
45,44
53,39
35,13
2,3
18,13
41,25
20,35
1,45
44,6
9,53
31,28
24,39
28,18
6,18
16,18
53,16
48,11
18,40
3,34
2,13
9,13
4,37
40,12
49,43
30,50
31,23
33,47
57,53
39,34
8,14
26,15
36,20
39,27
33,22
37,36
43,38
28,45
39,40
57,49
24,11
27,7
3,43
42,47
31,51
3,48
5,27
41,20
3,39
51,12
15,23
49,35
31,8
4,35
6,17
23,47
32,24
43,57
67,158
9,41
36,5
27,57
31,1
20,51
22,32
26,48
19,38
10,23
24,20
27,33
14,4
51,43
29,20
10,49
33,17
15,27
31,36
15,21
8,1
115,143
17,19
8,33
5,26
53,29
40,41
21,16
50,45
14,45
45,26
21,32
20,14
8,29
64,159
37,31
2,34
23,57
15,45
22,26
10,34
8,27
39,32
21,35
45,22
15,38
28,38
17,40
43,22
4,46
46,41
30,39
6,37
24,38
36,24
15,43
5,37
160,59
38,41
16,17
4,42
27,20
17,10
57,33
47,27
22,38
38,15
18,36
3,32
53,7
38,4
35,30
1,36
42,37
57,46
30,38
40,28
6,57
45,46
29,45
6,7
53,6
36,48
30,37
31,37
29,43
26,49
108,103
4,30
24,29
41,27
46,1
43,39
23,28
20,33
35,32
35,19
19,21
7,30
5,32
21,18
35,45
35,39
4,43
9,7
53,14
161,59
7,42
26,13
57,29
5,33
38,47
30,21
49,31
13,46
35,8
162,163
18,48
3,41
28,32
8,11
33,31
44,25
21,24
50,49
43,28
47,5
1,51
35,51
21,36
11,44
6,29
38,9
39,31
7,12
15,31
38,1
17,21
13,21
23,8
57,19
7,40
15,13
10,28
19,8
30,28
7,10
24,23
32,45
46,3
26,38
48,50
40,37
53,30
2,30
3,47
16,39
37,33
42,22
28,27
35,31
12,28
29,2
35,57
33,42
28,11
16,22
43,42
45,53
37,24
4,34
48,35
16,53
14,34
16,77
50,29
49,23
19,44
53,1
1,31
6,36
46,30
57,27
8,43
164,85
15,34
12,36
12,47
42,39
18,14
39,44
32,44
47,43
21,9
17,44
39,39
43,1
50,46
41,6
46,39
40,27
42,1
27,26
49,4
18,42
23,14
45,11
51,34
39,7
20,45
16,24
20,47
26,53
18,45
53,32
41,3
5,10
7,23
50,30
17,45
17,46
2,37
3,21
29,42
6,2
9,45
167,59
51,13
13,39
43,2
33,49
47,45
2,46
50,43
29,1
23,45
50,51
168,59
16,36
34,4
47,53
17,31
2,4
14,30
16,34
169,59
4,11
1,43
6,38
19,18
32,46
29,24
5,28
64,136
39,50
29,40
54,145
21,3
35,18
12,1
28,3
53,2
30,31
35,3
27,45
48,49
26,18
43,24
43,51
6,8
26,40
32,57
34,22
6,24
40,1
12,50
27,30
47,38
45,8
41,51
44,7
20,42
3,16
29,31
18,39
46,36
44,23
30,48
26,31
10,19
36,37
23,48
12,42
18,53
39,3
44,36
34,25
42,35
33,13
57,43
57,16
170,59
20,48
19,14
5,2
28,48
2,47
37,50
31,38
11,42
15,20
14,18
40,22
35,53
4,9
21,38
102,269
28,17
18,20
3,23
21,5
171,59
53,41
46,20
6,42
24,27
6,46
27,28
34,17
21,47
8,39
28,51
23,39
53,9
26,7
6,21
3,51
17,23
57,40
39,18
30,3
36,7
39,23
14,40
40,8
18,33
49,30
24,8
13,4
39,25
12,17
8,30
28,4
29,51
16,4
27,35
47,19
4,16
31,49
18,7
31,7
39,21
16,6
11,21
12,33
13,11
4,53
19,4
36,6
34,24
47,35
30,49
53,47
42,23
48,40
57,23
22,40
3,31
26,43
47,24
8,42
2,26
23,17
15,9
172,59
34,27
49,33
37,15
26,47
49,45
33,15
26,12
11,47
16,7
48,19
15,25
38,40
27,47
11,35
13,31
133,110
26,5
14,28
195,187
32,12
34,10
42,4
45,30
50,21
2,42
20,18
21,40
23,13
37,5
7,2
49,3
47,32
13,24
40,4
3,6
11,57
48,14
12,37
40,31
33,44
42,15
21,44
51,50
47,48
177,59
41,37
19,32
18,17
102,129
1,49
31,25
26,30
17,42
4,57
38,28
45,2
19,25
31,53
21,14
10,20
57,41
26,57
33,34
13,26
7,32
57,30
41,29
12,15
7,35
20,16
4,18
12,14
10,51
15,28
20,28
50,17
47,46
12,16
